,Weekly Decay,Daily Decay,Key,Feature Set,MSE Nov,MA Nov,MA (Tier) Nov,MSE Dec,MA Dec,MA (Tier) Dec,Eval MSE,Eval MA,Eval MA (Tier)
0,0.7071067811865476,0,1,"['Positivity_Rate_7_1dayago', 'Positivity_Rate_7_2dayago', 'Positivity_Rate_7_3dayago', 'Positivity_Rate_7_4dayago', 'Positivity_Rate_7_5dayago', 'Positivity_Rate_7_6dayago', 'Pressure_7_Adj100k_1dayago']",0.0002879150583728402,0.5047619047619049,0.43809523809523804,0.00019044588330502786,0.6912442396313364,0.6405529953917052,0.00023838154317444378,0.5995316159250585,0.5409836065573771
1,0.7071067811865476,0,2,"['Positivity_Rate_7_1dayago', 'Positivity_Rate_7_2dayago', 'Positivity_Rate_7_3dayago', 'Positivity_Rate_7_4dayago', 'Positivity_Rate_7_5dayago', 'Positivity_Rate_7_6dayago', 'Diff Pressure_7_Adj100k_1dayago']",0.0002863411361722223,0.5,0.41904761904761895,0.00022398209978202348,0.5990783410138248,0.5207373271889401,0.00025465047833458026,0.550351288056206,0.47072599531615916
2,0.7071067811865476,0,3,"['Positivity_Rate_7_1dayago', 'Positivity_Rate_7_2dayago', 'Positivity_Rate_7_3dayago', 'Positivity_Rate_7_4dayago', 'Positivity_Rate_7_5dayago', 'Positivity_Rate_7_6dayago', 'Excess Pressure_7_Adj100k_1dayago']",0.00017799212905187653,0.5714285714285714,0.5476190476190476,0.0001217748017946564,0.7188940092165899,0.672811059907834,0.00014942266765886303,0.6463700234192038,0.6112412177985947
3,0.7071067811865476,0,4,"['Positivity_Rate_7_1dayago', 'Positivity_Rate_7_2dayago', 'Positivity_Rate_7_3dayago', 'Positivity_Rate_7_4dayago', 'Positivity_Rate_7_5dayago', 'Positivity_Rate_7_6dayago']",0.00022923888480016718,0.5523809523809524,0.4904761904761905,0.00013344983791460356,0.695852534562212,0.6267281105990783,0.00018055920523537254,0.6252927400468383,0.5597189695550351
4,0.7071067811865476,0,5,"['Positivity_Rate_7_1dayago', 'Positivity_Rate_7_2dayago', 'Positivity_Rate_7_3dayago', 'Pressure_7_Adj100k_1dayago']",0.00021582274364392493,0.5238095238095238,0.5190476190476191,0.0001402624140715246,0.6912442396313364,0.6682027649769585,0.00017742323189401656,0.6088992974238875,0.5948477751756441
5,0.7071067811865476,0,6,"['Positivity_Rate_7_1dayago', 'Positivity_Rate_7_2dayago', 'Positivity_Rate_7_3dayago', 'Diff Pressure_7_Adj100k_1dayago']",0.0002366586926857023,0.5428571428571428,0.49523809523809526,0.0002481776154511829,0.5990783410138248,0.4746543778801843,0.00024251257146815964,0.5714285714285714,0.4847775175644028
7,0.7071067811865476,0,8,"['Positivity_Rate_7_1dayago', 'Positivity_Rate_7_2dayago', 'Positivity_Rate_7_3dayago']",0.0001458068686651075,0.6285714285714287,0.5904761904761905,0.0001449614216590764,0.663594470046083,0.5852534562211982,0.0001453772152685999,0.6463700234192038,0.5878220140515223
8,0.7071067811865476,0,9,"['Positivity_Rate_7_1dayago', 'Pressure_7_Adj100k_1dayago']",0.0001928496050442919,0.5095238095238096,0.5190476190476191,0.00018946316261964625,0.6267281105990784,0.6175115207373272,0.00019112862610717692,0.5690866510538644,0.5690866510538641
9,0.7071067811865476,0,10,"['Positivity_Rate_7_1dayago', 'Diff Pressure_7_Adj100k_1dayago']",0.0002119831825551871,0.5476190476190477,0.5619047619047619,0.0003338151423457697,0.5622119815668203,0.42857142857142855,0.00027389778507171266,0.5550351288056207,0.49414519906323184
10,0.7071067811865476,0,11,"['Positivity_Rate_7_1dayago', 'Excess Pressure_7_Adj100k_1dayago']",0.00011843265435996612,0.6428571428571429,0.6285714285714287,0.0001541805042767773,0.6682027649769585,0.5898617511520737,0.00013659959448162427,0.6557377049180327,0.6088992974238876
11,0.7071067811865476,0,12,['Positivity_Rate_7_1dayago'],0.00011480587225486466,0.6904761904761906,0.680952380952381,0.00018851834943546314,0.6267281105990784,0.5161290322580645,0.00015226631147779177,0.6580796252927402,0.5971896955503513
12,0.7071067811865476,0,13,"['Positivity_Rate_7_1dayago', 'Pressure_7_Adj100k_1dayago', 'Internal_Movement_7_Adj100k_1dayago']",0.0003812595688972663,0.4142857142857143,0.457142857142857,0.00021852174998512395,0.5714285714285714,0.4838709677419355,0.00029855674289273496,0.4941451990632318,0.47072599531615916
13,0.7071067811865476,0,14,"['Positivity_Rate_7_1dayago', 'Diff Pressure_7_Adj100k_1dayago', 'Diff Internal_Movement_7_Adj100k_1dayago']",0.000287763153215041,0.5095238095238095,0.4904761904761904,0.0004479329084070429,0.4838709677419355,0.46543778801843316,0.000369160897656878,0.4964871194379391,0.47775175644028095
14,0.7071067811865476,0,15,"['Positivity_Rate_7_1dayago', 'Excess Pressure_7_Adj100k_1dayago', 'Excess Internal_Movement_7_Adj100k_1dayago']",0.0002591318145805506,0.5761904761904761,0.6047619047619047,0.00017827272780039045,0.663594470046083,0.608294930875576,0.00021803949179063315,0.6206088992974239,0.6065573770491803
15,0.7071067811865476,0,16,"['Positivity_Rate_7_1dayago', 'Diff Internal_Movement_7_Adj100k_1dayago']",0.00015606802883011764,0.6904761904761906,0.6952380952380953,0.0002956919937162702,0.5898617511520738,0.488479262672811,0.00022702447000176894,0.6393442622950821,0.5901639344262295
16,0.7071067811865476,0,17,"['Positivity_Rate_7_1dayago', 'Excess Internal_Movement_7_Adj100k_1dayago']",0.00013406671754288783,0.6380952380952382,0.6285714285714287,0.00014287222331218436,0.7096774193548387,0.6267281105990784,0.0001385416467043336,0.674473067915691,0.6276346604215458
17,0.7071067811865476,0,18,"['Positivity_Rate_7_1dayago', 'Diff Internal_Movement_7_Adj100k_1dayago', 'New_Tests_7_Adj100k_1dayago']",0.0001562517913002803,0.738095238095238,0.738095238095238,0.00027175884082261816,0.6728110599078342,0.6313364055299538,0.00021495209515589464,0.7049180327868853,0.6838407494145198
18,0.7071067811865476,0,19,"['Positivity_Rate_7_1dayago', 'Excess Internal_Movement_7_Adj100k_1dayago', 'New_Tests_7_Adj100k_1dayago']",0.00016490778694215816,0.5761904761904761,0.5904761904761904,0.00020890117678670577,0.695852534562212,0.5806451612903226,0.00018726508342053482,0.6370023419203746,0.5854800936768149
19,0.7071067811865476,0,20,"['Positivity_Rate_7_1dayago', 'Pressure_7_Adj100k_1dayago', 'New_Tests_7_Adj100k_1dayago']",0.00024118730361607599,0.41428571428571426,0.38571428571428573,0.00012906847900008195,0.7096774193548387,0.5990783410138248,0.00018420888454893147,0.5644028103044497,0.4941451990632318
20,0.7071067811865476,0,21,"['Positivity_Rate_7_1dayago', 'Diff Pressure_7_Adj100k_1dayago', 'New_Tests_7_Adj100k_1dayago']",0.0002089853771695321,0.5619047619047619,0.5904761904761905,0.00024351284959056715,0.6036866359447004,0.5944700460829493,0.0002265321254490745,0.5831381733021077,0.5925058548009366
21,0.7071067811865476,0,22,"['Positivity_Rate_7_1dayago', 'Excess Pressure_7_Adj100k_1dayago', 'New_Tests_7_Adj100k_1dayago']",0.00014674174264781153,0.6095238095238095,0.6238095238095239,0.0002393281683739337,0.6682027649769585,0.5483870967741934,0.00019379386063977526,0.639344262295082,0.585480093676815
22,0.7071067811865476,0,23,"['Pressure_7_Adj100k_1dayago', 'Internal_Movement_7_Adj100k_1dayago', 'New_Tests_7_Adj100k_1dayago']",0.0009844709939084847,0.46666666666666673,0.44761904761904764,0.00045589576342099444,0.46082949308755755,0.38248847926267276,0.0007158507948082848,0.46370023419203743,0.414519906323185
23,0.7071067811865476,0,24,"['Pressure_7_Adj100k_1dayago', 'Internal_Movement_7_Adj100k_1dayago']",0.0008905004206003488,0.5476190476190477,0.5,0.00028048233918014944,0.6175115207373273,0.576036866359447,0.0005804912316818868,0.5831381733021078,0.5386416861826697
24,0.7071067811865476,0,25,"['Positivity_Rate_7_1dayago', 'Diff Internal_Movement_7_Adj100k_1dayago', 'New_Cases_7_Adj100k_1dayago']",0.0001380029325253245,0.7761904761904762,0.761904761904762,0.00035998200929767424,0.6543778801843319,0.6313364055299538,0.0002508119715407809,0.7142857142857143,0.6955503512880562
25,0.7071067811865476,0,26,"['Positivity_Rate_7_1dayago', 'Excess Internal_Movement_7_Adj100k_1dayago', 'New_Cases_7_Adj100k_1dayago']",0.0001222990739742072,0.6857142857142857,0.7285714285714285,0.0002477481059517998,0.695852534562212,0.608294930875576,0.0001860518607169182,0.6908665105386416,0.6674473067915689
26,0.7071067811865476,0,27,"['Positivity_Rate_7_1dayago', 'Pressure_7_Adj100k_1dayago', 'New_Cases_7_Adj100k_1dayago']",0.0002506912538872088,0.4428571428571429,0.44761904761904764,0.00012193590239993893,0.7096774193548387,0.663594470046083,0.00018525820641007165,0.5784543325526932,0.5573770491803278
27,0.7071067811865476,0,28,"['Positivity_Rate_7_1dayago', 'Diff Pressure_7_Adj100k_1dayago', 'New_Cases_7_Adj100k_1dayago']",0.0001942413473468799,0.6047619047619047,0.6047619047619047,0.00029623769163445373,0.5990783410138248,0.5898617511520737,0.0002460755550995814,0.6018735362997657,0.5971896955503513
28,0.7071067811865476,0,29,"['Positivity_Rate_7_1dayago', 'Excess Pressure_7_Adj100k_1dayago', 'New_Cases_7_Adj100k_1dayago']",9.927783999280575e-05,0.742857142857143,0.7095238095238094,0.0002827509485451738,0.695852534562212,0.6175115207373272,0.0001925182722079436,0.7189695550351288,0.6627634660421546
29,0.7071067811865476,0,30,"['Pressure_7_Adj100k_1dayago', 'Internal_Movement_7_Adj100k_1dayago', 'New_Cases_7_Adj100k_1dayago']",0.0007528377303765517,0.4476190476190475,0.41904761904761895,0.0003222428609010007,0.5944700460829493,0.5345622119815668,0.000534010829495534,0.5222482435597189,0.47775175644028095
30,0.7071067811865476,0,31,"['Positivity_Rate_7_1dayago', 'Positivity_Rate_7_2dayago', 'Positivity_Rate_7_3dayago', 'Diff Internal_Movement_7_Adj100k_1dayago']",0.00018510806029732612,0.580952380952381,0.5476190476190476,0.00023167309202450653,0.6267281105990784,0.5023041474654377,0.00020877225674884403,0.6042154566744732,0.5245901639344261
31,0.7071067811865476,0,32,"['Positivity_Rate_7_1dayago', 'Positivity_Rate_7_2dayago', 'Positivity_Rate_7_3dayago', 'Excess Internal_Movement_7_Adj100k_1dayago']",0.00014437035440363714,0.6142857142857144,0.6333333333333334,0.00014168655678888664,0.6912442396313364,0.6267281105990783,0.00014300645725515737,0.6533957845433256,0.629976580796253
32,0.7071067811865476,0,33,"['Positivity_Rate_7_1dayago', 'Positivity_Rate_7_2dayago', 'Positivity_Rate_7_3dayago', 'Diff Internal_Movement_7_Adj100k_1dayago', 'New_Tests_7_Adj100k_1dayago']",0.00021187543504700893,0.5571428571428572,0.5666666666666667,0.00022629907536997248,0.6589861751152074,0.6313364055299538,0.000219205481768515,0.6088992974238876,0.5995316159250585
33,0.7071067811865476,0,34,"['Positivity_Rate_7_1dayago', 'Positivity_Rate_7_2dayago', 'Positivity_Rate_7_3dayago', 'Excess Internal_Movement_7_Adj100k_1dayago', 'New_Tests_7_Adj100k_1dayago']",0.00018655386988057678,0.5999999999999999,0.5761904761904761,0.00017878018006629824,0.7004608294930875,0.6175115207373272,0.00018260330620446802,0.6510538641686182,0.5971896955503513
34,0.7071067811865476,0,35,"['Positivity_Rate_7_1dayago', 'Positivity_Rate_7_2dayago', 'Positivity_Rate_7_3dayago', 'Pressure_7_Adj100k_1dayago', 'New_Tests_7_Adj100k_1dayago']",0.00027381706450543055,0.42857142857142855,0.37619047619047624,0.00011399062143359021,0.7373271889400922,0.6359447004608294,0.0001925937901574461,0.585480093676815,0.5081967213114754
35,0.7071067811865476,0,36,"['Positivity_Rate_7_1dayago', 'Positivity_Rate_7_2dayago', 'Positivity_Rate_7_3dayago', 'Diff Pressure_7_Adj100k_1dayago', 'New_Tests_7_Adj100k_1dayago']",0.0002616961092079081,0.5095238095238096,0.5047619047619047,0.00018885613369421002,0.5898617511520738,0.608294930875576,0.00022467907247143858,0.5503512880562061,0.5573770491803278
36,0.7071067811865476,0,37,"['Positivity_Rate_7_1dayago', 'Positivity_Rate_7_2dayago', 'Positivity_Rate_7_3dayago', 'Excess Pressure_7_Adj100k_1dayago', 'New_Tests_7_Adj100k_1dayago']",0.00016023919540714889,0.6,0.5714285714285714,0.00018651149495269747,0.6866359447004609,0.5990783410138248,0.00017359069189750966,0.6440281030444964,0.5854800936768149
37,0.7071067811865476,0,38,"['Positivity_Rate_7_1dayago', 'Positivity_Rate_7_2dayago', 'Positivity_Rate_7_3dayago', 'Diff Internal_Movement_7_Adj100k_1dayago', 'New_Cases_7_Adj100k_1dayago']",0.00019498502808744175,0.6142857142857142,0.5666666666666667,0.0002851453152498332,0.6820276497695853,0.640552995391705,0.00024080419041587017,0.648711943793911,0.6042154566744731
38,0.7071067811865476,0,39,"['Positivity_Rate_7_1dayago', 'Positivity_Rate_7_2dayago', 'Positivity_Rate_7_3dayago', 'Excess Internal_Movement_7_Adj100k_1dayago', 'New_Cases_7_Adj100k_1dayago']",0.00015643288476387203,0.5999999999999999,0.6428571428571429,0.00021411573500708551,0.6820276497695852,0.6175115207373272,0.00018574712013337395,0.6416861826697892,0.629976580796253
39,0.7071067811865476,0,40,"['Positivity_Rate_7_1dayago', 'Positivity_Rate_7_2dayago', 'Positivity_Rate_7_3dayago', 'Pressure_7_Adj100k_1dayago', 'New_Cases_7_Adj100k_1dayago']",0.0002668511684918028,0.4666666666666666,0.43809523809523804,0.00010862911167901329,0.7603686635944701,0.7096774193548387,0.00018644323798038518,0.6159250585480094,0.5761124121779859
40,0.7071067811865476,0,41,"['Positivity_Rate_7_1dayago', 'Positivity_Rate_7_2dayago', 'Positivity_Rate_7_3dayago', 'Diff Pressure_7_Adj100k_1dayago', 'New_Cases_7_Adj100k_1dayago']",0.0002481810213395933,0.5904761904761905,0.5428571428571429,0.00021666556146130445,0.6129032258064517,0.6129032258064516,0.00023216496795882356,0.6018735362997659,0.5784543325526933
41,0.7071067811865476,0,42,"['Positivity_Rate_7_1dayago', 'Positivity_Rate_7_2dayago', 'Positivity_Rate_7_3dayago', 'Excess Pressure_7_Adj100k_1dayago', 'New_Cases_7_Adj100k_1dayago']",0.0001257107917606505,0.6285714285714287,0.6333333333333334,0.00021103414023218814,0.7096774193548387,0.6451612903225806,0.0001690718377052024,0.6697892271662764,0.639344262295082
42,0.7071067811865476,0,43,"['Positivity_Rate_7_1dayago', 'Positivity_Rate_7_2dayago', 'Positivity_Rate_7_3dayago', 'Positivity_Rate_7_4dayago', 'Positivity_Rate_7_5dayago', 'Positivity_Rate_7_6dayago', 'Diff Internal_Movement_7_Adj100k_1dayago']",0.00023531966645657125,0.5428571428571428,0.48095238095238096,0.00021203990171937923,0.6405529953917052,0.5207373271889401,0.00022348896634422777,0.5925058548009369,0.5011709601873536
43,0.7071067811865476,0,44,"['Positivity_Rate_7_1dayago', 'Positivity_Rate_7_2dayago', 'Positivity_Rate_7_3dayago', 'Positivity_Rate_7_4dayago', 'Positivity_Rate_7_5dayago', 'Positivity_Rate_7_6dayago', 'Excess Internal_Movement_7_Adj100k_1dayago']",0.0001856956005310128,0.5809523809523809,0.5666666666666667,0.00015149839635422122,0.6774193548387097,0.640552995391705,0.00016831669349034824,0.629976580796253,0.6042154566744731
44,0.7071067811865476,0,45,"['Positivity_Rate_7_1dayago', 'Positivity_Rate_7_2dayago', 'Positivity_Rate_7_3dayago', 'Positivity_Rate_7_4dayago', 'Positivity_Rate_7_5dayago', 'Positivity_Rate_7_6dayago', 'Diff Internal_Movement_7_Adj100k_1dayago', 'New_Tests_7_Adj100k_1dayago']",0.00028228054315110546,0.46666666666666673,0.4428571428571428,0.0002115214258668901,0.6774193548387097,0.6451612903225807,0.00024632099174437305,0.5737704918032788,0.5456674473067915
45,0.7071067811865476,0,46,"['Positivity_Rate_7_1dayago', 'Positivity_Rate_7_2dayago', 'Positivity_Rate_7_3dayago', 'Positivity_Rate_7_4dayago', 'Positivity_Rate_7_5dayago', 'Positivity_Rate_7_6dayago', 'Excess Internal_Movement_7_Adj100k_1dayago', 'New_Tests_7_Adj100k_1dayago']",0.00021439772020149405,0.5190476190476191,0.5047619047619047,0.0001775306728750026,0.7004608294930875,0.5806451612903226,0.0001956620076257361,0.6112412177985949,0.5433255269320842
46,0.7071067811865476,0,47,"['Positivity_Rate_7_1dayago', 'Positivity_Rate_7_2dayago', 'Positivity_Rate_7_3dayago', 'Positivity_Rate_7_4dayago', 'Positivity_Rate_7_5dayago', 'Positivity_Rate_7_6dayago', 'Pressure_7_Adj100k_1dayago', 'New_Tests_7_Adj100k_1dayago']",0.0003505420421950289,0.419047619047619,0.35714285714285715,0.00013999449838853544,0.7050691244239632,0.6129032258064516,0.00024354247075238469,0.5644028103044497,0.4871194379391101
47,0.7071067811865476,0,48,"['Positivity_Rate_7_1dayago', 'Positivity_Rate_7_2dayago', 'Positivity_Rate_7_3dayago', 'Positivity_Rate_7_4dayago', 'Positivity_Rate_7_5dayago', 'Positivity_Rate_7_6dayago', 'Diff Pressure_7_Adj100k_1dayago', 'New_Tests_7_Adj100k_1dayago']",0.00032923271996458507,0.4571428571428572,0.4428571428571428,0.00017154116080947502,0.6036866359447005,0.5944700460829493,0.00024909438662346355,0.531615925058548,0.5199063231850116
48,0.7071067811865476,0,49,"['Positivity_Rate_7_1dayago', 'Positivity_Rate_7_2dayago', 'Positivity_Rate_7_3dayago', 'Positivity_Rate_7_4dayago', 'Positivity_Rate_7_5dayago', 'Positivity_Rate_7_6dayago', 'Excess Pressure_7_Adj100k_1dayago', 'New_Tests_7_Adj100k_1dayago']",0.00019453197364176371,0.5190476190476191,0.5428571428571428,0.00018668000649499039,0.7004608294930875,0.6221198156682028,0.0001905416296819281,0.6112412177985949,0.5831381733021077
49,0.7071067811865476,0,50,"['Positivity_Rate_7_1dayago', 'Positivity_Rate_7_2dayago', 'Positivity_Rate_7_3dayago', 'Positivity_Rate_7_4dayago', 'Positivity_Rate_7_5dayago', 'Positivity_Rate_7_6dayago', 'Diff Internal_Movement_7_Adj100k_1dayago', 'New_Cases_7_Adj100k_1dayago']",0.0002836757871383983,0.5333333333333333,0.48095238095238096,0.00026858702401476493,0.6820276497695853,0.663594470046083,0.0002760077271903223,0.6088992974238876,0.5737704918032787
50,0.7071067811865476,0,51,"['Positivity_Rate_7_1dayago', 'Positivity_Rate_7_2dayago', 'Positivity_Rate_7_3dayago', 'Positivity_Rate_7_4dayago', 'Positivity_Rate_7_5dayago', 'Positivity_Rate_7_6dayago', 'Excess Internal_Movement_7_Adj100k_1dayago', 'New_Cases_7_Adj100k_1dayago']",0.00018450948008388233,0.5952380952380951,0.6142857142857144,0.00021602899986855514,0.6866359447004609,0.6036866359447004,0.00020052759669576524,0.6416861826697892,0.6088992974238876
51,0.7071067811865476,0,52,"['Positivity_Rate_7_1dayago', 'Positivity_Rate_7_2dayago', 'Positivity_Rate_7_3dayago', 'Positivity_Rate_7_4dayago', 'Positivity_Rate_7_5dayago', 'Positivity_Rate_7_6dayago', 'Pressure_7_Adj100k_1dayago', 'New_Cases_7_Adj100k_1dayago']",0.0003377902089553795,0.4523809523809524,0.3857142857142857,0.00012640707041730877,0.7004608294930875,0.6497695852534563,0.00023036599100980258,0.5784543325526932,0.5199063231850117
52,0.7071067811865476,0,53,"['Positivity_Rate_7_1dayago', 'Positivity_Rate_7_2dayago', 'Positivity_Rate_7_3dayago', 'Positivity_Rate_7_4dayago', 'Positivity_Rate_7_5dayago', 'Positivity_Rate_7_6dayago', 'Diff Pressure_7_Adj100k_1dayago', 'New_Cases_7_Adj100k_1dayago']",0.0003334115832978068,0.5380952380952382,0.4666666666666667,0.00019606762033432592,0.6221198156682028,0.5990783410138248,0.00026361383162784113,0.5807962529274004,0.5339578454332552
53,0.7071067811865476,0,54,"['Positivity_Rate_7_1dayago', 'Positivity_Rate_7_2dayago', 'Positivity_Rate_7_3dayago', 'Positivity_Rate_7_4dayago', 'Positivity_Rate_7_5dayago', 'Positivity_Rate_7_6dayago', 'Excess Pressure_7_Adj100k_1dayago', 'New_Cases_7_Adj100k_1dayago']",0.00015725374924541806,0.5857142857142856,0.5809523809523809,0.00021026271295234244,0.695852534562212,0.6543778801843319,0.00018419273080139603,0.6416861826697892,0.6182669789227166
0,0,0.7071067811865476,1,"['Positivity_Rate_7_1dayago', 'Positivity_Rate_7_2dayago', 'Positivity_Rate_7_3dayago', 'Positivity_Rate_7_4dayago', 'Positivity_Rate_7_5dayago', 'Positivity_Rate_7_6dayago', 'Pressure_7_Adj100k_1dayago']",0.0002550086540689704,0.5238095238095238,0.5428571428571428,0.0004974078796579094,0.488479262672811,0.5069124423963134,0.0003781951457617099,0.505854800936768,0.5245901639344263
1,0,0.7071067811865476,2,"['Positivity_Rate_7_1dayago', 'Positivity_Rate_7_2dayago', 'Positivity_Rate_7_3dayago', 'Positivity_Rate_7_4dayago', 'Positivity_Rate_7_5dayago', 'Positivity_Rate_7_6dayago', 'Diff Pressure_7_Adj100k_1dayago']",0.00017982420355809083,0.6904761904761906,0.6238095238095239,0.0008153434940649518,0.5668202764976958,0.5253456221198156,0.0005027930233238726,0.6276346604215458,0.5737704918032787
2,0,0.7071067811865476,3,"['Positivity_Rate_7_1dayago', 'Positivity_Rate_7_2dayago', 'Positivity_Rate_7_3dayago', 'Positivity_Rate_7_4dayago', 'Positivity_Rate_7_5dayago', 'Positivity_Rate_7_6dayago', 'Excess Pressure_7_Adj100k_1dayago']",0.00015646831954499235,0.7047619047619048,0.6857142857142856,0.0005078604208403206,0.6359447004608294,0.43778801843317966,0.000335044633318028,0.6697892271662764,0.5597189695550351
3,0,0.7071067811865476,4,"['Positivity_Rate_7_1dayago', 'Positivity_Rate_7_2dayago', 'Positivity_Rate_7_3dayago', 'Positivity_Rate_7_4dayago', 'Positivity_Rate_7_5dayago', 'Positivity_Rate_7_6dayago']",0.0001523079948149215,0.6857142857142857,0.6619047619047619,0.0003933678132317679,0.5898617511520737,0.5207373271889401,0.00027481380417430245,0.6370023419203747,0.5901639344262295
4,0,0.7071067811865476,5,"['Positivity_Rate_7_1dayago', 'Positivity_Rate_7_2dayago', 'Positivity_Rate_7_3dayago', 'Pressure_7_Adj100k_1dayago']",0.00014618802642481788,0.7095238095238096,0.7000000000000001,0.00044217042649720683,0.5622119815668203,0.511520737327189,0.0002966053117075074,0.6346604215456676,0.6042154566744732
5,0,0.7071067811865476,6,"['Positivity_Rate_7_1dayago', 'Positivity_Rate_7_2dayago', 'Positivity_Rate_7_3dayago', 'Diff Pressure_7_Adj100k_1dayago']",0.00016503096482188884,0.7095238095238094,0.6428571428571429,0.0005153102841265062,0.5622119815668203,0.511520737327189,0.00034304176643571083,0.6346604215456675,0.576112412177986
6,0,0.7071067811865476,7,"['Positivity_Rate_7_1dayago', 'Positivity_Rate_7_2dayago', 'Positivity_Rate_7_3dayago', 'Excess Pressure_7_Adj100k_1dayago']",0.00012909225758471766,0.7523809523809525,0.7238095238095238,0.0004430506915577481,0.5944700460829493,0.5069124423963133,0.00028864490435789706,0.6721311475409836,0.6135831381733021
7,0,0.7071067811865476,8,"['Positivity_Rate_7_1dayago', 'Positivity_Rate_7_2dayago', 'Positivity_Rate_7_3dayago']",0.00011925522875359477,0.7523809523809524,0.7,0.0003144594964448938,0.5898617511520737,0.5391705069124424,0.00021845739758032053,0.6697892271662763,0.6182669789227166
8,0,0.7071067811865476,9,"['Positivity_Rate_7_1dayago', 'Pressure_7_Adj100k_1dayago']",0.00012696935368481117,0.6904761904761905,0.6761904761904762,0.0004171074162345021,0.5898617511520737,0.5299539170506912,0.0002744165658002279,0.639344262295082,0.6018735362997658
9,0,0.7071067811865476,10,"['Positivity_Rate_7_1dayago', 'Diff Pressure_7_Adj100k_1dayago']",0.00014910161919008992,0.7523809523809524,0.7,0.0004147438450043665,0.6129032258064516,0.5668202764976958,0.0002841001273907878,0.6814988290398126,0.6323185011709601
10,0,0.7071067811865476,11,"['Positivity_Rate_7_1dayago', 'Excess Pressure_7_Adj100k_1dayago']",9.737386996290477e-05,0.7666666666666667,0.719047619047619,0.0003916546010693592,0.6267281105990783,0.5345622119815668,0.0002469263726563488,0.6955503512880562,0.6252927400468384
11,0,0.7071067811865476,12,['Positivity_Rate_7_1dayago'],9.786706196878968e-05,0.7857142857142857,0.7238095238095238,0.00022297981579009592,0.640552995391705,0.5898617511520738,0.00016144895325502729,0.7119437939110069,0.6557377049180327
12,0,0.7071067811865476,13,"['Positivity_Rate_7_1dayago', 'Pressure_7_Adj100k_1dayago', 'Internal_Movement_7_Adj100k_1dayago']",0.00015734680700260208,0.6857142857142858,0.6571428571428573,0.0005543962185278456,0.5391705069124424,0.4884792626728111,0.00035912601613838157,0.611241217798595,0.5714285714285715
13,0,0.7071067811865476,14,"['Positivity_Rate_7_1dayago', 'Diff Pressure_7_Adj100k_1dayago', 'Diff Internal_Movement_7_Adj100k_1dayago']",0.00018145956030525613,0.6857142857142857,0.619047619047619,0.0005007530761367767,0.5253456221198156,0.576036866359447,0.00034372347818684856,0.6042154566744732,0.5971896955503512
14,0,0.7071067811865476,15,"['Positivity_Rate_7_1dayago', 'Excess Pressure_7_Adj100k_1dayago', 'Excess Internal_Movement_7_Adj100k_1dayago']",0.00023366558933030288,0.719047619047619,0.6619047619047619,0.0004222747471563079,0.5898617511520737,0.511520737327189,0.00032951614494679726,0.6533957845433256,0.585480093676815
15,0,0.7071067811865476,16,"['Positivity_Rate_7_1dayago', 'Diff Internal_Movement_7_Adj100k_1dayago']",0.00012106203844500846,0.7714285714285714,0.719047619047619,0.00037713890823925454,0.5576036866359447,0.6405529953917052,0.00025119946407814995,0.6627634660421546,0.6791569086651055
16,0,0.7071067811865476,17,"['Positivity_Rate_7_1dayago', 'Excess Internal_Movement_7_Adj100k_1dayago']",0.0001222326831051642,0.7238095238095238,0.6952380952380953,0.00028438720351830744,0.6451612903225806,0.5806451612903226,0.00020463907872495833,0.6838407494145199,0.6370023419203747
17,0,0.7071067811865476,18,"['Positivity_Rate_7_1dayago', 'Diff Internal_Movement_7_Adj100k_1dayago', 'New_Tests_7_Adj100k_1dayago']",0.0001476798333593378,0.6333333333333334,0.6571428571428571,0.0004102674268955008,0.6175115207373272,0.6728110599078342,0.0002811259874514862,0.6252927400468384,0.6651053864168619
18,0,0.7071067811865476,19,"['Positivity_Rate_7_1dayago', 'Excess Internal_Movement_7_Adj100k_1dayago', 'New_Tests_7_Adj100k_1dayago']",0.00015682324929465949,0.6380952380952382,0.6523809523809524,0.00043946778632344524,0.663594470046083,0.640552995391705,0.0003004622763092883,0.6510538641686184,0.6463700234192038
19,0,0.7071067811865476,20,"['Positivity_Rate_7_1dayago', 'Pressure_7_Adj100k_1dayago', 'New_Tests_7_Adj100k_1dayago']",0.00016823008923828962,0.6523809523809524,0.6666666666666667,0.00043491153702716147,0.543778801843318,0.5483870967741935,0.0003037567266391917,0.5971896955503513,0.6065573770491803
20,0,0.7071067811865476,21,"['Positivity_Rate_7_1dayago', 'Diff Pressure_7_Adj100k_1dayago', 'New_Tests_7_Adj100k_1dayago']",0.00016882083343719285,0.6619047619047619,0.6761904761904762,0.0004991509066651924,0.6036866359447004,0.6543778801843319,0.00033669349360224176,0.6323185011709601,0.6651053864168619
21,0,0.7071067811865476,22,"['Positivity_Rate_7_1dayago', 'Excess Pressure_7_Adj100k_1dayago', 'New_Tests_7_Adj100k_1dayago']",0.00013606981548664216,0.6666666666666667,0.680952380952381,0.00039717835595173243,0.6866359447004609,0.6497695852534563,0.00026876431965742575,0.6768149882903982,0.6651053864168619
22,0,0.7071067811865476,23,"['Pressure_7_Adj100k_1dayago', 'Internal_Movement_7_Adj100k_1dayago', 'New_Tests_7_Adj100k_1dayago']",0.0002485547496765264,0.6333333333333334,0.6285714285714284,0.0006150463322984374,0.5345622119815668,0.4792626728110599,0.0004348045703532353,0.5831381733021078,0.5526932084309133
23,0,0.7071067811865476,24,"['Pressure_7_Adj100k_1dayago', 'Internal_Movement_7_Adj100k_1dayago']",0.00014302843795794702,0.7142857142857143,0.6666666666666666,0.000539694797019285,0.5483870967741936,0.45622119815668205,0.00034461298108747943,0.629976580796253,0.5597189695550352
24,0,0.7071067811865476,25,"['Positivity_Rate_7_1dayago', 'Diff Internal_Movement_7_Adj100k_1dayago', 'New_Cases_7_Adj100k_1dayago']",0.00012902280002338875,0.738095238095238,0.6857142857142858,0.0009998567782359992,0.5253456221198156,0.6221198156682027,0.0005715777725576663,0.629976580796253,0.6533957845433256
25,0,0.7071067811865476,26,"['Positivity_Rate_7_1dayago', 'Excess Internal_Movement_7_Adj100k_1dayago', 'New_Cases_7_Adj100k_1dayago']",0.00011549809938750449,0.6904761904761905,0.6571428571428573,0.0012028967516896413,0.6267281105990783,0.6175115207373272,0.0006681105292459674,0.65807962529274,0.6370023419203747
26,0,0.7071067811865476,27,"['Positivity_Rate_7_1dayago', 'Pressure_7_Adj100k_1dayago', 'New_Cases_7_Adj100k_1dayago']",0.00013316911505281494,0.7142857142857143,0.6571428571428573,0.0007582565354155641,0.5023041474654377,0.5576036866359447,0.00045083649261421204,0.6065573770491803,0.6065573770491804
27,0,0.7071067811865476,28,"['Positivity_Rate_7_1dayago', 'Diff Pressure_7_Adj100k_1dayago', 'New_Cases_7_Adj100k_1dayago']",0.00015245643735509645,0.738095238095238,0.6571428571428571,0.0009436116452603527,0.5576036866359446,0.6451612903225806,0.0005545189200610464,0.6463700234192038,0.6510538641686183
28,0,0.7071067811865476,29,"['Positivity_Rate_7_1dayago', 'Excess Pressure_7_Adj100k_1dayago', 'New_Cases_7_Adj100k_1dayago']",0.00010613554170009866,0.7285714285714285,0.6619047619047619,0.0009310272231997862,0.6267281105990784,0.5898617511520737,0.0005253427896753497,0.6768149882903982,0.6252927400468383
29,0,0.7071067811865476,30,"['Pressure_7_Adj100k_1dayago', 'Internal_Movement_7_Adj100k_1dayago', 'New_Cases_7_Adj100k_1dayago']",0.0001682721217670671,0.7238095238095238,0.6380952380952382,0.0007457832821927419,0.5345622119815668,0.48847926267281105,0.00046176140001618054,0.6276346604215458,0.5620608899297425
30,0,0.7071067811865476,31,"['Positivity_Rate_7_1dayago', 'Positivity_Rate_7_2dayago', 'Positivity_Rate_7_3dayago', 'Diff Internal_Movement_7_Adj100k_1dayago']",0.00014153202072566452,0.7714285714285714,0.7142857142857143,0.000432671498060654,0.5391705069124424,0.5806451612903226,0.0002894881485516428,0.6533957845433255,0.6463700234192038
31,0,0.7071067811865476,32,"['Positivity_Rate_7_1dayago', 'Positivity_Rate_7_2dayago', 'Positivity_Rate_7_3dayago', 'Excess Internal_Movement_7_Adj100k_1dayago']",0.00015324662419155126,0.7047619047619048,0.6952380952380953,0.0003321195367591203,0.6036866359447004,0.5806451612903226,0.00024414925188982403,0.6533957845433256,0.6370023419203747
32,0,0.7071067811865476,33,"['Positivity_Rate_7_1dayago', 'Positivity_Rate_7_2dayago', 'Positivity_Rate_7_3dayago', 'Diff Internal_Movement_7_Adj100k_1dayago', 'New_Tests_7_Adj100k_1dayago']",0.00016996806670268363,0.6714285714285715,0.6619047619047619,0.00042729212016864355,0.5898617511520737,0.6313364055299538,0.0003007393069886633,0.629976580796253,0.6463700234192038
33,0,0.7071067811865476,34,"['Positivity_Rate_7_1dayago', 'Positivity_Rate_7_2dayago', 'Positivity_Rate_7_3dayago', 'Excess Internal_Movement_7_Adj100k_1dayago', 'New_Tests_7_Adj100k_1dayago']",0.0002490023390449263,0.6142857142857142,0.6428571428571429,0.000310434534583642,0.6497695852534563,0.6082949308755758,0.00028022197940066705,0.6323185011709601,0.6252927400468383
34,0,0.7071067811865476,35,"['Positivity_Rate_7_1dayago', 'Positivity_Rate_7_2dayago', 'Positivity_Rate_7_3dayago', 'Pressure_7_Adj100k_1dayago', 'New_Tests_7_Adj100k_1dayago']",0.0002214243005749923,0.5380952380952382,0.5952380952380951,0.0004331803000436981,0.5852534562211982,0.5806451612903226,0.0003290380052230231,0.5620608899297425,0.5878220140515222
35,0,0.7071067811865476,36,"['Positivity_Rate_7_1dayago', 'Positivity_Rate_7_2dayago', 'Positivity_Rate_7_3dayago', 'Diff Pressure_7_Adj100k_1dayago', 'New_Tests_7_Adj100k_1dayago']",0.0001745465546987612,0.6523809523809524,0.6523809523809524,0.000708972977257329,0.6129032258064517,0.6589861751152073,0.00044614031042524647,0.6323185011709602,0.6557377049180327
36,0,0.7071067811865476,37,"['Positivity_Rate_7_1dayago', 'Positivity_Rate_7_2dayago', 'Positivity_Rate_7_3dayago', 'Excess Pressure_7_Adj100k_1dayago', 'New_Tests_7_Adj100k_1dayago']",0.00020874492579025513,0.6523809523809525,0.6666666666666667,0.0003590270540099135,0.6589861751152074,0.6451612903225807,0.00028511781062319627,0.6557377049180328,0.6557377049180328
37,0,0.7071067811865476,38,"['Positivity_Rate_7_1dayago', 'Positivity_Rate_7_2dayago', 'Positivity_Rate_7_3dayago', 'Diff Internal_Movement_7_Adj100k_1dayago', 'New_Cases_7_Adj100k_1dayago']",0.00015394253669237832,0.7238095238095238,0.6571428571428571,0.0011850318914071272,0.5668202764976958,0.5944700460829493,0.0006779387661375785,0.6440281030444964,0.6252927400468383
38,0,0.7071067811865476,39,"['Positivity_Rate_7_1dayago', 'Positivity_Rate_7_2dayago', 'Positivity_Rate_7_3dayago', 'Excess Internal_Movement_7_Adj100k_1dayago', 'New_Cases_7_Adj100k_1dayago']",0.0001859159927295209,0.6619047619047619,0.6714285714285715,0.0011029953325675157,0.6359447004608294,0.5622119815668202,0.0006519727064176822,0.648711943793911,0.6159250585480094
39,0,0.7071067811865476,40,"['Positivity_Rate_7_1dayago', 'Positivity_Rate_7_2dayago', 'Positivity_Rate_7_3dayago', 'Pressure_7_Adj100k_1dayago', 'New_Cases_7_Adj100k_1dayago']",0.000187582497256352,0.6571428571428571,0.6190476190476192,0.0006896283324604394,0.5622119815668202,0.5806451612903226,0.0004427205446551505,0.6088992974238875,0.5995316159250587
40,0,0.7071067811865476,41,"['Positivity_Rate_7_1dayago', 'Positivity_Rate_7_2dayago', 'Positivity_Rate_7_3dayago', 'Diff Pressure_7_Adj100k_1dayago', 'New_Cases_7_Adj100k_1dayago']",0.0001691610567547594,0.7047619047619048,0.6428571428571429,0.0007559305181807311,0.576036866359447,0.6036866359447004,0.0004673553732171385,0.639344262295082,0.6229508196721312
41,0,0.7071067811865476,42,"['Positivity_Rate_7_1dayago', 'Positivity_Rate_7_2dayago', 'Positivity_Rate_7_3dayago', 'Excess Pressure_7_Adj100k_1dayago', 'New_Cases_7_Adj100k_1dayago']",0.00018618286427082492,0.7142857142857142,0.6523809523809524,0.0008512642663790705,0.6036866359447004,0.5253456221198156,0.0005241750522274743,0.65807962529274,0.5878220140515223
42,0,0.7071067811865476,43,"['Positivity_Rate_7_1dayago', 'Positivity_Rate_7_2dayago', 'Positivity_Rate_7_3dayago', 'Positivity_Rate_7_4dayago', 'Positivity_Rate_7_5dayago', 'Positivity_Rate_7_6dayago', 'Diff Internal_Movement_7_Adj100k_1dayago']",0.00016877870723600467,0.7095238095238096,0.6619047619047619,0.0005401440572495194,0.5529953917050692,0.4884792626728111,0.0003575053605215613,0.629976580796253,0.5737704918032787
43,0,0.7071067811865476,44,"['Positivity_Rate_7_1dayago', 'Positivity_Rate_7_2dayago', 'Positivity_Rate_7_3dayago', 'Positivity_Rate_7_4dayago', 'Positivity_Rate_7_5dayago', 'Positivity_Rate_7_6dayago', 'Excess Internal_Movement_7_Adj100k_1dayago']",0.0001782798564501048,0.661904761904762,0.6857142857142857,0.00043117956360236114,0.5714285714285714,0.488479262672811,0.0003068026584455138,0.6159250585480094,0.585480093676815
44,0,0.7071067811865476,45,"['Positivity_Rate_7_1dayago', 'Positivity_Rate_7_2dayago', 'Positivity_Rate_7_3dayago', 'Positivity_Rate_7_4dayago', 'Positivity_Rate_7_5dayago', 'Positivity_Rate_7_6dayago', 'Diff Internal_Movement_7_Adj100k_1dayago', 'New_Tests_7_Adj100k_1dayago']",0.00024233811921500328,0.6142857142857144,0.5904761904761905,0.0005403191586773918,0.5944700460829493,0.5529953917050692,0.00039377110648277454,0.6042154566744732,0.5714285714285715
46,0,0.7071067811865476,47,"['Positivity_Rate_7_1dayago', 'Positivity_Rate_7_2dayago', 'Positivity_Rate_7_3dayago', 'Positivity_Rate_7_4dayago', 'Positivity_Rate_7_5dayago', 'Positivity_Rate_7_6dayago', 'Pressure_7_Adj100k_1dayago', 'New_Tests_7_Adj100k_1dayago']",0.00034857217932775535,0.4666666666666666,0.5523809523809524,0.0006075825328226555,0.5207373271889402,0.4654377880184332,0.0004802003917595899,0.4941451990632319,0.5081967213114754
47,0,0.7071067811865476,48,"['Positivity_Rate_7_1dayago', 'Positivity_Rate_7_2dayago', 'Positivity_Rate_7_3dayago', 'Positivity_Rate_7_4dayago', 'Positivity_Rate_7_5dayago', 'Positivity_Rate_7_6dayago', 'Diff Pressure_7_Adj100k_1dayago', 'New_Tests_7_Adj100k_1dayago']",0.00025166141691816517,0.6095238095238095,0.5904761904761904,0.0012382654583292345,0.5483870967741935,0.5529953917050692,0.0007530503559959216,0.5784543325526932,0.5714285714285715
49,0,0.7071067811865476,50,"['Positivity_Rate_7_1dayago', 'Positivity_Rate_7_2dayago', 'Positivity_Rate_7_3dayago', 'Positivity_Rate_7_4dayago', 'Positivity_Rate_7_5dayago', 'Positivity_Rate_7_6dayago', 'Diff Internal_Movement_7_Adj100k_1dayago', 'New_Cases_7_Adj100k_1dayago']",0.00014911212070493405,0.6714285714285714,0.6904761904761904,0.001049509481207416,0.5253456221198157,0.5253456221198156,0.000606691107189802,0.5971896955503513,0.6065573770491803
50,0,0.7071067811865476,51,"['Positivity_Rate_7_1dayago', 'Positivity_Rate_7_2dayago', 'Positivity_Rate_7_3dayago', 'Positivity_Rate_7_4dayago', 'Positivity_Rate_7_5dayago', 'Positivity_Rate_7_6dayago', 'Excess Internal_Movement_7_Adj100k_1dayago', 'New_Cases_7_Adj100k_1dayago']",0.0001941760709052749,0.6000000000000002,0.6523809523809524,0.0010285683951219825,0.608294930875576,0.5161290322580644,0.0006182115143596672,0.6042154566744732,0.5831381733021077
51,0,0.7071067811865476,52,"['Positivity_Rate_7_1dayago', 'Positivity_Rate_7_2dayago', 'Positivity_Rate_7_3dayago', 'Positivity_Rate_7_4dayago', 'Positivity_Rate_7_5dayago', 'Positivity_Rate_7_6dayago', 'Pressure_7_Adj100k_1dayago', 'New_Cases_7_Adj100k_1dayago']",0.00028882979820756975,0.5285714285714287,0.5047619047619049,0.0009173986381458188,0.48387096774193544,0.4976958525345622,0.0006082664217827456,0.5058548009367683,0.5011709601873537
52,0,0.7071067811865476,53,"['Positivity_Rate_7_1dayago', 'Positivity_Rate_7_2dayago', 'Positivity_Rate_7_3dayago', 'Positivity_Rate_7_4dayago', 'Positivity_Rate_7_5dayago', 'Positivity_Rate_7_6dayago', 'Diff Pressure_7_Adj100k_1dayago', 'New_Cases_7_Adj100k_1dayago']",0.00017711776192022585,0.6428571428571429,0.6333333333333332,0.001341700686859058,0.5299539170506912,0.5023041474654378,0.0007689549860694685,0.585480093676815,0.5667447306791569
53,0,0.7071067811865476,54,"['Positivity_Rate_7_1dayago', 'Positivity_Rate_7_2dayago', 'Positivity_Rate_7_3dayago', 'Positivity_Rate_7_4dayago', 'Positivity_Rate_7_5dayago', 'Positivity_Rate_7_6dayago', 'Excess Pressure_7_Adj100k_1dayago', 'New_Cases_7_Adj100k_1dayago']",0.0001951503331199234,0.6333333333333334,0.661904761904762,0.0009271883423586283,0.5944700460829493,0.5161290322580644,0.0005671696492904127,0.6135831381733021,0.5878220140515223
